name, total, avg, iters
LongStringValidationBenchmark, 61.97179070523237, 0.6197179070523238, 100
FixedLengthStringValidationBenchmark, 5.8234915588897715, 0.058234915588897714, 100
EmptyStringValidationBenchmark, 1.5494152252923874, 0.015494152252923873, 100
