name, total, avg, iters
LongStringValidationBenchmark, 60.0549175938597, 0.600549175938597, 100
FixedLengthStringValidationBenchmark, 5.522930834871039, 0.055229308348710385, 100
EmptyStringValidationBenchmark, 1.4772622613688693, 0.014772622613688693, 100
